<?xml version="1.0" encoding="UTF-8"?>
<extentreports>
    <configuration>
        <!-- standard, dark -->
        <theme>standard</theme>
        <!-- defaults to UTF-8 -->
        <encoding>UTF-8</encoding>
        <protocol>https</protocol>
        <documentTitle>YRMS Automation Testing Report</documentTitle>
        <!-- report name - displayed at top-nav -->
        <reportName>Regression Test Report</reportName>
        <!-- report headline - displayed at top-nav, after reportHeadline -->
        <reportHeadline></reportHeadline>
        <!-- global date format override -->
        <!-- defaults to yyyy-MM-dd -->
        <dateFormat>yyyy-MM-dd</dateFormat>
        <!-- global time format override -->
        <!-- defaults to HH:mm:ss -->
        <timeFormat>HH:mm:ss</timeFormat>
        <!-- custom javascript -->
        <scripts>
            <![CDATA[
        $(document).ready(function() {
          
        });
      ]]>
        </scripts>

        <!-- custom styles -->
        <styles>
            <![CDATA[
        
      ]]>
        </styles>
    </configuration>
</extentreports>

